"temp_C","mass_mg"
38.3416,97.4473
38.3607,97.4434
38.3645,97.4403
38.3695,97.4374
38.3934,97.434
38.3978,97.4315
38.4011,97.4299
38.4193,97.4287
38.4317,97.4287
38.4473,97.4272
38.4502,97.425
38.4604,97.4225
38.4712,97.419
38.4767,97.4156
38.481,97.4115
38.4888,97.4072
38.4881,97.4015
38.5102,97.3963
38.531,97.3915
38.5334,97.3869
38.5386,97.3813
38.5429,97.3756
38.5581,97.3698
38.5663,97.3642
38.572,97.3588
38.5855,97.3534
38.596,97.3481
38.6011,97.3432
38.6085,97.3405
38.618,97.3382
38.6299,97.3363
38.6437,97.3345
38.6536,97.3349
38.6572,97.3342
38.6654,97.3335
38.6716,97.3327
38.6866,97.3302
38.6826,97.3274
38.7007,97.3239
38.7162,97.3199
38.724,97.3133
38.7174,97.3076
38.7275,97.3024
38.7467,97.2973
38.7455,97.2923
38.7532,97.2886
38.7586,97.2852
38.7696,97.2816
38.7883,97.2777
38.7944,97.275
38.7876,97.2713
38.8007,97.2674
38.8022,97.2635
38.8095,97.2583
38.8118,97.2543
38.8239,97.2508
38.8215,97.2474
38.8463,97.2436
38.847,97.239
38.8339,97.2342
38.8648,97.2296
38.8684,97.2239
38.8851,97.2191
38.8914,97.2148
38.8918,97.2106
38.9118,97.2076
38.8994,97.2048
38.912,97.2023
38.9045,97.1997
38.9119,97.1979
38.9282,97.1956
38.9229,97.1931
38.9359,97.1904
38.9448,97.1862
38.9498,97.1813
38.9589,97.1759
38.97,97.1707
38.9682,97.165
38.9712,97.1611
38.979,97.1577
38.993,97.1545
38.99,97.1532
38.9945,97.1504
38.9962,97.1474
38.9958,97.1447
39.0174,97.1412
39.0232,97.1386
39.0252,97.1369
39.0391,97.1356
39.0398,97.1358
39.0418,97.135
39.0505,97.1337
39.0527,97.1324
39.065,97.1313
39.0612,97.1295
39.0644,97.1269
39.0758,97.1237
39.0965,97.1192
39.0833,97.1149
39.086,97.1102
39.1042,97.1054
39.0933,97.1002
39.105,97.0953
39.1065,97.0902
39.1108,97.0851
39.1237,97.0811
39.1234,97.0775
39.129,97.0744
39.1399,97.0714
39.1335,97.0685
39.1463,97.0644
39.1517,97.06
39.1512,97.0559
39.1672,97.052
39.151,97.0468
39.16,97.0433
39.1774,97.041
39.165,97.0394
39.1819,97.0403
39.1635,97.0408
39.1799,97.0414
39.1943,97.0419
39.1967,97.0427
39.1993,97.0427
39.2091,97.0426
39.2239,97.0424
39.2185,97.0397
39.2252,97.0368
39.2371,97.0328
39.2264,97.028
39.2327,97.0216
39.2357,97.0162
39.2393,97.0111
39.2388,97.0062
39.2528,97.0023
39.2504,96.9988
39.2605,96.9956
39.2622,96.9927
39.27,96.9913
39.2625,96.9883
39.2672,96.9847
39.2738,96.9807
39.2698,96.9753
39.274,96.971
39.2907,96.967
39.2966,96.9631
39.29,96.9587
39.2886,96.9545
39.3031,96.9508
39.3041,96.9475
39.3181,96.945
39.3169,96.9426
39.3196,96.9406
39.3186,96.9391
39.3322,96.9396
39.3299,96.9397
39.3405,96.9399
39.3364,96.94
39.3394,96.9394
39.3386,96.9373
39.332,96.9344
39.3416,96.9309
39.3449,96.9232
39.353,96.917
39.361,96.9115
39.3673,96.9064
39.3669,96.9006
39.3597,96.8958
39.3643,96.8919
39.3661,96.8885
39.3656,96.888
39.3784,96.887
39.3717,96.8863
39.3823,96.8855
39.3901,96.8848
39.3865,96.882
39.3945,96.878
39.3969,96.8738
39.3981,96.8661
39.3976,96.859
39.4044,96.8528
39.1217,96.8502
39.1834,96.8481
39.3449,96.8504
39.6065,96.8549
39.8838,96.8589
40.1595,96.8698
40.4708,96.8767
40.7919,96.8818
41.1279,96.8861
41.4725,96.8878
41.8242,96.8887
42.2029,96.8882
42.5901,96.8869
42.9849,96.8814
43.3659,96.8766
43.7821,96.8709
44.1855,96.8642
44.5989,96.8552
44.999,96.846
45.4206,96.8355
45.838,96.8241
46.264,96.811
46.6728,96.7984
47.086,96.785
47.5174,96.7714
47.9273,96.7584
48.3499,96.746
48.7635,96.7339
49.1742,96.7221
49.6041,96.7122
50.0253,96.7013
50.4394,96.6897
50.8586,96.6777
51.274,96.6656
51.7009,96.6531
52.0952,96.6403
52.5168,96.6272
52.9432,96.6123
53.3482,96.5979
53.7603,96.5837
54.1759,96.5696
54.6019,96.5566
55.0198,96.5445
55.4354,96.5325
55.8306,96.5202
56.2364,96.5089
56.6502,96.4948
57.0485,96.4786
57.4338,96.4612
57.8325,96.4387
58.2173,96.4175
58.587,96.3961
58.9646,96.3746
59.3243,96.3513
59.6675,96.3292
60.0328,96.3073
60.3701,96.2853
60.7095,96.2643
61.0642,96.2422
61.402,96.2191
61.7368,96.1955
62.0489,96.1708
62.3777,96.1471
62.6999,96.124
63.0108,96.1011
63.3175,96.0781
63.638,96.0548
63.9435,96.0312
64.2394,96.0074
64.5303,95.9834
64.8327,95.9597
65.1317,95.9362
65.424,95.913
65.7123,95.8899
65.999,95.8671
66.2748,95.8444
66.5463,95.8216
66.8223,95.7986
67.0949,95.775
67.3685,95.7511
67.6442,95.727
67.92,95.7009
68.1853,95.6752
68.4549,95.6497
68.7194,95.6242
68.9884,95.5987
69.2386,95.5738
69.4935,95.5492
69.7425,95.5246
69.9972,95.5009
70.2518,95.4766
70.4905,95.4524
70.7356,95.4283
70.9798,95.4037
71.2219,95.3786
71.4697,95.3527
71.707,95.3262
71.9396,95.2987
72.178,95.272
72.4177,95.2462
72.6423,95.2209
72.8639,95.1967
73.1074,95.1732
73.3287,95.1502
73.566,95.1275
73.7924,95.1068
74.0083,95.0844
74.2451,95.062
74.4434,95.0398
74.6707,95.0168
74.8943,94.9943
75.1183,94.9716
75.3196,94.9486
75.53,94.9259
75.7548,94.9032
75.9491,94.8804
76.1583,94.8575
76.366,94.8344
76.5742,94.8117
76.7804,94.7893
76.996,94.7671
77.1971,94.7462
77.3949,94.7258
77.5927,94.7061
77.7895,94.6871
77.9806,94.6705
78.1799,94.6531
78.3711,94.6353
78.551,94.6172
78.7504,94.5993
78.9363,94.5803
79.1346,94.5603
79.3213,94.5398
79.5096,94.5164
79.6896,94.4942
79.8721,94.4728
80.0486,94.452
80.2161,94.4329
80.4112,94.4146
80.5783,94.3966
80.7607,94.3791
80.9419,94.3619
81.113,94.3479
81.2913,94.3321
81.4612,94.3157
81.6253,94.299
81.8002,94.2808
81.9637,94.2626
82.1204,94.2442
82.2857,94.2258
82.4511,94.2066
82.5931,94.1887
82.766,94.1716
82.9465,94.1552
83.1,94.1421
83.2427,94.1289
83.607,94.1159
83.7567,94.103
83.9135,94.0916
84.0616,94.0779
84.226,94.0634
84.3725,94.0485
84.5159,94.0318
84.6582,94.0168
84.8034,94.0025
84.9644,93.9887
85.1006,93.9762
85.243,93.9632
85.3815,93.9503
85.5249,93.9377
85.659,93.9262
85.8048,93.9147
85.9399,93.9035
86.0804,93.8924
86.2101,93.8819
86.3358,93.8708
86.4776,93.8594
86.6149,93.8478
86.744,93.836
86.8654,93.8249
87.0017,93.814
87.1259,93.8034
87.2429,93.7931
87.3807,93.7819
87.5085,93.7702
87.6352,93.7584
87.7536,93.747
87.8817,93.7365
88.0017,93.7264
88.1128,93.7166
88.2286,93.7087
88.3491,93.7
88.4619,93.6906
88.5856,93.6807
88.7032,93.6696
88.8283,93.6582
88.925,93.6471
89.0536,93.6361
89.1545,93.6232
89.2744,93.6114
89.3803,93.6002
89.4801,93.5894
89.5885,93.5798
89.7009,93.5695
89.8008,93.5592
89.9168,93.549
90.0151,93.5398
90.1255,93.5308
90.2208,93.5218
90.3201,93.5131
90.4209,93.5046
90.5292,93.4965
90.6183,93.4877
90.7308,93.4786
90.8248,93.4697
90.9259,93.4608
91.0288,93.4529
91.1125,93.4456
91.2144,93.4385
91.3032,93.4327
91.405,93.4263
91.4894,93.42
91.5686,93.4141
91.6642,93.4089
91.7454,93.4038
91.8428,93.3988
91.9303,93.3938
92.0379,93.389
92.1086,93.3831
92.2001,93.3771
92.2928,93.371
92.3662,93.3632
92.4507,93.3565
92.527,93.3499
92.6315,93.3433
92.709,93.337
92.7736,93.3307
92.8681,93.3245
92.953,93.3186
93.0345,93.3131
93.0945,93.3075
93.1854,93.3018
93.268,93.2959
93.3422,93.2904
93.4205,93.2848
93.4984,93.2788
93.582,93.2726
93.654,93.2662
93.7253,93.26
93.7933,93.2539
93.8663,93.2475
93.9416,93.2411
94.0153,93.235
94.0819,93.2291
94.1602,93.2233
94.229,93.2187
94.2945,93.2144
94.368,93.2097
94.4341,93.2045
94.4935,93.2005
94.5648,93.1955
94.6281,93.19
94.6959,93.1845
94.768,93.1783
94.8359,93.1726
94.8929,93.1667
94.9559,93.1607
95.0291,93.1558
95.0889,93.1511
95.1443,93.1467
95.2064,93.1423
95.2658,93.1387
95.3276,93.1348
95.3874,93.1307
95.4518,93.1265
95.5114,93.1223
95.5781,93.1184
95.6163,93.1146
95.6879,93.1107
95.745,93.1067
95.7928,93.1024
95.8406,93.0984
95.9204,93.095
95.9696,93.0921
96.0238,93.0894
96.0803,93.0868
96.1452,93.0841
96.1837,93.0832
96.2392,93.0814
96.3046,93.0793
96.3584,93.0768
96.4163,93.0736
96.4511,93.0702
96.4973,93.0664
96.5522,93.0621
96.6037,93.0566
96.6593,93.0524
96.7073,93.0485
96.7436,93.0447
96.8,93.0412
96.855,93.0378
96.9005,93.0343
96.9396,93.0306
96.9843,93.0266
97.0385,93.0232
97.078,93.0204
97.1209,93.0179
97.1663,93.0158
97.218,93.0158
97.2489,93.0154
97.2965,93.0148
97.3327,93.0143
97.3862,93.0147
97.4408,93.0141
97.475,93.0132
97.5187,93.0121
97.5654,93.0089
97.6175,93.006
97.6526,93.0028
97.6902,92.9995
97.7405,92.9948
97.7676,92.9903
97.8057,92.9858
97.8354,92.9814
97.8848,92.9781
97.9264,92.9749
97.9691,92.9717
98.0027,92.9684
98.0338,92.9666
98.0852,92.964
98.1205,92.9612
98.1562,92.9584
98.186,92.955
98.2307,92.952
98.2706,92.9489
98.2932,92.9456
98.3366,92.9422
98.3694,92.939
98.4122,92.9364
98.4558,92.9341
98.4786,92.9329
98.5213,92.9322
98.5479,92.9321
98.578,92.9321
98.6121,92.9335
98.6559,92.9335
98.681,92.9325
98.7169,92.9312
98.7421,92.9277
98.7812,92.9249
98.812,92.9221
98.8455,92.9195
98.8774,92.9175
98.9155,92.9163
98.9475,92.9147
98.9601,92.9128
98.9919,92.9121
99.0391,92.9104
99.0611,92.9081
99.0865,92.9053
99.1228,92.9001
99.1495,92.896
99.1788,92.8926
99.2001,92.8893
99.2229,92.8859
99.2582,92.8833
99.2828,92.8813
99.3088,92.8798
99.3325,92.8802
99.3585,92.8798
99.3934,92.8791
99.4189,92.8786
99.4333,92.8783
99.4691,92.8788
99.5046,92.8796
99.529,92.8806
99.5484,92.8819
99.5656,92.8839
99.5987,92.8846
99.6335,92.8841
99.6601,92.883
99.6825,92.8804
99.6973,92.8783
99.7148,92.8761
99.7504,92.8735
99.7756,92.8702
99.7966,92.8678
99.8298,92.8658
99.8341,92.8639
99.8555,92.8622
99.8847,92.8607
99.9201,92.8596
99.939,92.8587
99.9592,92.8575
99.9805,92.8563
99.9979,92.8555
100.023,92.8546
100.051,92.8523
100.068,92.8494
100.106,92.8458
100.108,92.8422
100.125,92.8376
100.152,92.8348
100.171,92.8337
100.193,92.8336
100.209,92.8367
100.235,92.8385
100.252,92.8397
100.271,92.8404
100.3,92.8415
100.315,92.8419
100.335,92.842
100.36,92.8417
100.372,92.838
100.377,92.8352
100.403,92.8329
100.425,92.8311
100.443,92.8295
100.459,92.8288
100.47,92.8283
100.492,92.8277
100.518,92.8286
100.53,92.8284
100.548,92.8285
100.572,92.8292
100.585,92.8299
100.605,92.831
100.617,92.8315
100.637,92.8314
100.652,92.832
100.657,92.8315
100.671,92.8307
100.697,92.83
100.707,92.8276
100.735,92.8266
100.748,92.8256
100.758,92.8243
100.786,92.8234
100.796,92.8222
100.795,92.8216
100.818,92.8213
100.835,92.8204
100.852,92.8197
100.86,92.8188
100.861,92.8178
100.889,92.8179
100.913,92.8179
100.918,92.8174
100.931,92.8166
100.95,92.8153
100.966,92.8136
100.979,92.8116
100.982,92.8096
100.991,92.8061
101.017,92.8018
101.033,92.7953
100.911,92.7874
100.984,92.784
101.212,92.7854
101.53,92.7898
101.819,92.7944
102.115,92.8063
102.435,92.8133
102.763,92.8179
103.124,92.8202
103.51,92.8209
103.909,92.8167
104.326,92.8141
104.724,92.8107
105.149,92.8064
105.564,92.8007
106.012,92.7961
106.444,92.7916
106.885,92.787
107.342,92.7829
107.791,92.7789
108.244,92.7747
108.698,92.7703
109.145,92.7658
109.603,92.7613
110.066,92.7569
110.523,92.7526
110.97,92.7483
111.428,92.7443
111.89,92.7403
112.348,92.7362
112.815,92.7322
113.276,92.7275
113.731,92.7224
114.183,92.7173
114.639,92.7125
115.091,92.7078
115.548,92.7028
115.99,92.6976
116.453,92.6933
116.906,92.6887
117.356,92.6836
117.808,92.6782
118.234,92.673
118.691,92.6685
119.144,92.6641
119.596,92.6595
120.039,92.6554
120.486,92.6512
120.931,92.6476
121.369,92.6442
121.805,92.6399
122.249,92.6353
122.69,92.6306
123.13,92.626
123.576,92.6211
124.004,92.6168
124.445,92.6129
124.884,92.6091
125.333,92.6058
125.767,92.6024
126.211,92.5995
126.651,92.5969
127.077,92.595
127.516,92.5934
127.941,92.592
128.38,92.5906
128.817,92.5902
129.251,92.5886
129.683,92.5861
130.112,92.5827
130.549,92.5774
130.984,92.5729
131.412,92.5689
131.84,92.5654
132.281,92.5615
132.705,92.5584
133.14,92.5558
133.57,92.5532
134.002,92.5505
134.432,92.5484
134.86,92.5455
135.299,92.5426
135.723,92.5401
136.166,92.537
136.592,92.5339
137.021,92.5301
137.45,92.5261
137.881,92.5219
138.313,92.5166
138.736,92.5104
139.175,92.5041
139.6,92.4961
140.03,92.4899
140.461,92.4848
140.88,92.4806
141.31,92.4785
141.737,92.4756
142.163,92.4729
142.59,92.4704
143.018,92.47
143.447,92.4689
143.873,92.4679
144.305,92.4669
144.738,92.4661
145.163,92.4646
145.601,92.4627
146.032,92.4605
146.456,92.4569
146.875,92.4531
147.313,92.4482
147.739,92.4421
148.163,92.4332
148.596,92.4258
149.025,92.4185
149.454,92.4107
149.873,92.4014
150.308,92.3939
150.733,92.3875
151.147,92.3815
151.575,92.3773
152.007,92.3728
152.445,92.3689
152.868,92.3657
153.297,92.3651
153.72,92.3632
154.144,92.3608
154.576,92.3585
154.998,92.3571
155.422,92.3552
155.864,92.3529
156.291,92.3503
156.724,92.3462
157.145,92.3423
157.574,92.3385
158.007,92.3347
158.433,92.33
158.852,92.3254
159.291,92.3205
159.712,92.3154
160.138,92.3102
160.561,92.3045
160.99,92.2981
161.422,92.2912
161.849,92.2833
162.273,92.2763
162.706,92.2695
163.134,92.2626
163.556,92.2554
163.998,92.2481
164.428,92.2407
164.853,92.2335
165.277,92.2276
165.708,92.2225
166.134,92.2174
166.56,92.2119
166.987,92.2079
167.426,92.2029
167.848,92.1974
168.285,92.1916
168.704,92.1838
169.129,92.1772
169.563,92.171
169.993,92.1647
170.433,92.158
170.852,92.1509
171.273,92.1436
171.709,92.1364
172.143,92.1286
172.565,92.1209
172.998,92.1127
173.431,92.1044
173.859,92.0961
174.287,92.089
174.722,92.083
175.154,92.0772
175.582,92.0715
176.013,92.0674
176.437,92.0615
176.868,92.0548
177.293,92.0473
177.723,92.0368
178.15,92.0272
178.575,92.0178
179.021,92.0084
179.453,91.9976
179.889,91.9883
180.315,91.9796
180.736,91.971
181.161,91.9639
181.597,91.9559
182.027,91.9472
182.458,91.938
182.881,91.928
183.312,91.9178
183.742,91.9074
184.173,91.897
184.603,91.8861
185.045,91.8763
185.46,91.8668
185.896,91.8575
186.33,91.8495
186.764,91.8403
187.202,91.8308
187.624,91.821
188.048,91.8097
188.488,91.7991
188.916,91.7887
189.35,91.7785
189.775,91.7673
190.214,91.7565
190.64,91.7458
191.067,91.7349
191.499,91.7234
191.929,91.7112
192.368,91.6984
192.784,91.6851
193.213,91.67
193.659,91.6556
194.093,91.6413
194.52,91.6273
194.948,91.6143
195.381,91.6018
195.815,91.589
196.24,91.576
196.672,91.5648
197.1,91.5525
197.539,91.5393
197.971,91.5255
198.409,91.5094
198.844,91.4934
199.275,91.4769
199.703,91.4602
200.135,91.4422
200.566,91.426
200.998,91.4104
201.44,91.395
201.874,91.3811
202.309,91.366
202.734,91.3504
203.161,91.3342
203.594,91.3176
204.026,91.2987
204.465,91.2804
204.889,91.2623
205.321,91.2442
205.757,91.2251
206.19,91.2067
206.618,91.1888
207.05,91.1713
207.485,91.1554
207.918,91.1391
208.341,91.1227
208.786,91.1063
209.216,91.0905
209.657,91.0738
210.083,91.0562
210.519,91.038
210.951,91.0178
211.378,90.9976
211.816,90.9769
212.253,90.9556
212.691,90.9326
213.115,90.9107
213.553,90.8889
213.99,90.8669
214.424,90.8456
214.854,90.8248
215.283,90.8045
215.705,90.7845
216.15,90.7663
216.584,90.7479
217.022,90.7293
217.45,90.7105
217.886,90.6923
218.321,90.6736
218.751,90.6549
219.189,90.6362
219.62,90.6158
220.053,90.5954
220.491,90.5746
220.916,90.5535
221.353,90.5306
221.787,90.5078
222.231,90.4845
222.659,90.4609
223.088,90.4356
223.519,90.4109
223.961,90.386
224.397,90.361
224.834,90.3353
225.257,90.3096
225.68,90.2831
226.117,90.2558
226.558,90.2268
226.996,90.1985
227.43,90.1705
227.862,90.1427
228.294,90.1135
228.732,90.0852
229.172,90.0565
229.601,90.0275
230.04,89.9989
230.472,89.9706
230.91,89.9426
231.343,89.9146
231.775,89.8859
232.207,89.8567
232.649,89.8264
233.08,89.7951
233.52,89.7615
233.957,89.7286
234.4,89.6956
234.825,89.6622
235.263,89.6263
235.691,89.591
236.13,89.5554
236.558,89.5197
236.998,89.4835
237.431,89.4476
237.873,89.4116
238.309,89.3756
238.736,89.3399
239.174,89.3039
239.607,89.2674
240.05,89.2306
240.493,89.1919
240.921,89.1524
241.359,89.112
241.794,89.071
242.228,89.0262
242.666,88.9826
243.109,88.9385
243.535,88.8939
243.966,88.8489
244.4,88.8017
244.835,88.7549
245.279,88.7077
245.716,88.6602
246.146,88.6105
246.594,88.5611
247.028,88.5112
247.459,88.4609
247.897,88.4085
248.35,88.3562
248.775,88.3035
249.212,88.2506
249.642,88.1968
250.086,88.1442
250.526,88.0917
250.958,88.039
251.392,87.9865
251.831,87.9323
252.269,87.8767
252.718,87.82
253.146,87.7595
253.583,87.6995
254.031,87.6388
254.466,87.5774
254.909,87.5112
255.342,87.4452
255.782,87.3779
256.218,87.3094
256.663,87.2358
257.099,87.163
257.537,87.0892
257.975,87.0144
258.412,86.9354
258.851,86.8577
259.293,86.7793
259.738,86.7002
260.165,86.6188
260.611,86.5378
261.06,86.4564
261.492,86.3742
261.931,86.289
262.38,86.2035
262.818,86.1167
263.253,86.0287
263.694,85.9353
264.142,85.8428
264.586,85.7493
265.027,85.6549
265.462,85.5555
265.9,85.4576
266.35,85.3591
266.795,85.2596
267.238,85.1563
267.683,85.0528
268.122,84.9479
268.566,84.8419
269.008,84.7294
269.452,84.6171
269.907,84.5031
270.354,84.3877
270.786,84.265
271.237,84.143
271.675,84.0189
272.123,83.8932
272.569,83.7597
273.01,83.6268
273.46,83.4922
273.905,83.3559
274.347,83.2184
274.803,83.0729
275.251,82.9288
275.694,82.7827
276.144,82.6348
276.594,82.4802
277.033,82.326
277.484,82.17
277.938,82.0125
278.38,81.8475
278.832,81.6846
279.282,81.5204
279.733,81.3549
280.175,81.1837
280.626,81.0119
281.082,80.8372
281.535,80.6604
281.982,80.4741
282.427,80.289
282.886,80.1021
283.344,79.9134
283.79,79.7151
284.239,79.5192
284.698,79.3225
285.155,79.1246
285.602,78.9205
286.054,78.7174
286.507,78.5123
286.962,78.3052
287.41,78.0896
287.86,77.8735
288.322,77.6543
288.775,77.4321
289.234,77.1974
289.69,76.9665
290.139,76.7346
290.599,76.5013
291.047,76.2602
291.51,76.0219
291.965,75.7828
292.423,75.5422
292.879,75.2954
293.334,75.0484
293.788,74.7997
294.25,74.5498
294.711,74.2916
295.165,74.0353
295.615,73.7781
296.071,73.5199
296.529,73.2577
297.001,72.9978
297.454,72.7383
297.907,72.4786
298.361,72.2174
298.82,71.9553
299.287,71.6919
299.743,71.4276
300.199,71.1603
300.655,70.894
301.117,70.6271
301.571,70.3595
302.03,70.0904
302.488,69.8228
302.941,69.5558
303.403,69.2892
303.857,69.0242
304.316,68.7596
304.769,68.4957
305.23,68.2322
305.688,67.9707
306.143,67.7078
306.601,67.4442
307.061,67.1805
307.515,66.9154
307.976,66.6502
308.437,66.3855
308.887,66.1211
309.342,65.8572
309.798,65.5946
310.26,65.3333
310.712,65.0729
311.172,64.8175
311.631,64.5613
312.084,64.3057
312.555,64.0503
313.01,63.7981
313.454,63.5447
313.909,63.2914
314.365,63.0383
314.827,62.7854
315.284,62.5323
315.738,62.2793
316.197,62.0269
316.65,61.7748
317.106,61.5239
317.56,61.2737
318.017,61.0236
318.475,60.7734
318.935,60.5246
319.398,60.2747
319.854,60.0243
320.311,59.7734
320.77,59.522
321.222,59.272
321.679,59.023
322.139,58.7747
322.603,58.5285
323.045,58.2815
323.51,58.0343
323.971,57.7868
324.424,57.5391
324.877,57.2905
325.328,57.0419
325.786,56.7934
326.246,56.5424
326.701,56.2926
327.158,56.0438
327.614,55.7954
328.078,55.5486
328.535,55.302
328.985,55.0558
329.442,54.8097
329.892,54.5638
330.363,54.3159
330.817,54.0672
331.274,53.8182
331.72,53.5673
332.188,53.319
332.641,53.0723
333.104,52.8265
333.557,52.5847
334.016,52.3427
334.47,52.1017
334.931,51.8612
335.389,51.6235
335.847,51.3842
336.309,51.1449
336.768,50.9059
337.232,50.6677
337.695,50.4304
338.155,50.1943
338.623,49.9594
339.092,49.7293
339.556,49.4993
340.028,49.2712
340.497,49.0445
340.968,48.8246
341.441,48.6029
341.915,48.3815
342.398,48.161
342.897,47.945
343.405,47.7289
343.922,47.5148
344.472,47.3025
345,47.0968
345.507,46.8907
346.002,46.686
346.492,46.4825
346.988,46.2868
347.476,46.0887
347.964,45.8913
348.44,45.6955
348.916,45.5011
349.387,45.3119
349.862,45.1222
350.324,44.9336
350.791,44.746
351.243,44.5653
351.718,44.3842
352.175,44.2051
352.631,44.0276
353.08,43.858
353.52,43.6877
353.969,43.5193
354.427,43.3524
354.864,43.1941
355.304,43.0344
355.75,42.8765
356.197,42.7203
356.62,42.5726
357.059,42.4245
357.49,42.2784
357.933,42.134
358.346,41.9991
358.778,41.8625
359.205,41.7275
359.633,41.5939
360.056,41.4677
360.478,41.3403
360.892,41.2143
361.306,41.0897
361.727,40.9719
362.145,40.8533
362.562,40.7365
362.968,40.6215
363.387,40.5154
363.8,40.4091
364.211,40.3049
364.616,40.2026
365.024,40.1099
365.44,40.0141
365.837,39.9184
366.254,39.8232
366.657,39.7331
367.059,39.6426
367.471,39.5535
367.878,39.4659
368.284,39.3839
368.683,39.3016
369.087,39.2204
369.485,39.1399
369.889,39.0651
370.294,38.9882
370.694,38.9116
371.102,38.8355
371.504,38.7618
371.906,38.6881
372.308,38.6151
372.708,38.5429
373.101,38.4761
373.502,38.4094
373.894,38.3438
374.301,38.2787
374.696,38.219
375.092,38.1573
375.482,38.0958
375.881,38.0349
376.287,37.9773
376.679,37.9203
377.07,37.8639
377.472,37.8078
377.874,37.7557
378.266,37.7014
378.652,37.6466
379.057,37.5916
379.449,37.5362
379.847,37.481
380.242,37.4263
380.636,37.3719
381.029,37.3176
381.429,37.2632
381.835,37.2088
382.23,37.1546
382.63,37.1019
383.023,37.0494
383.417,36.9975
383.809,36.9458
384.2,36.8969
384.603,36.8481
385.01,36.7999
385.4,36.7523
385.793,36.7068
386.194,36.6601
386.594,36.6133
386.994,36.5665
387.382,36.5199
387.783,36.4722
388.179,36.4244
388.589,36.3764
388.983,36.3285
389.39,36.2805
389.786,36.2333
390.185,36.1862
390.584,36.1391
390.986,36.0943
391.381,36.0492
391.783,36.0038
392.175,35.9583
392.583,35.9141
392.991,35.8696
393.39,35.8253
393.791,35.781
394.19,35.7364
394.595,35.6911
395.001,35.6448
395.395,35.598
395.794,35.5495
396.201,35.502
396.6,35.455
397.002,35.4081
397.41,35.3604
397.807,35.3129
398.211,35.2658
398.611,35.2191
399.017,35.174
399.424,35.129
399.829,35.0841
400.234,35.0391
400.634,34.996
401.034,34.9518
401.438,34.9069
401.84,34.8618
402.25,34.8155
402.654,34.7693
403.06,34.7229
403.462,34.6766
403.872,34.6306
404.274,34.585
404.672,34.5395
405.081,34.4941
405.486,34.4502
405.889,34.4054
406.295,34.3605
406.699,34.3155
407.1,34.2707
407.511,34.2261
407.917,34.1815
408.322,34.1366
408.725,34.0915
409.126,34.0461
409.539,34.0006
409.941,33.9551
410.351,33.9093
410.752,33.8648
411.17,33.8209
411.576,33.7771
411.977,33.7352
412.387,33.6921
412.796,33.6485
413.204,33.605
413.607,33.5619
414.017,33.5195
414.423,33.4777
414.824,33.4361
415.235,33.3946
415.64,33.3539
416.055,33.3111
416.464,33.2667
416.868,33.2215
417.272,33.173
417.683,33.1255
418.092,33.0778
418.508,33.0303
418.913,32.9831
419.322,32.9381
419.731,32.8942
420.148,32.851
420.559,32.8114
420.957,32.769
421.375,32.7252
421.785,32.6806
422.203,32.6333
422.608,32.5861
423.019,32.5387
423.433,32.4913
423.846,32.4423
424.253,32.3951
424.672,32.3484
425.076,32.3018
425.496,32.2573
425.908,32.2114
426.324,32.1648
426.738,32.1178
427.149,32.0704
427.556,32.0232
427.973,31.9756
428.383,31.9277
428.793,31.8797
429.205,31.8319
429.628,31.7841
430.042,31.7364
430.454,31.6885
430.863,31.6404
431.279,31.592
431.701,31.5431
432.116,31.4936
432.52,31.4445
432.952,31.3957
433.362,31.3469
433.774,31.2986
434.182,31.2509
434.605,31.2038
435.02,31.1572
435.436,31.1121
435.852,31.0657
436.269,31.0188
436.674,30.9715
437.099,30.9235
437.515,30.875
437.928,30.8257
438.349,30.7761
438.768,30.7247
439.183,30.6738
439.599,30.6228
440.012,30.5716
440.425,30.5198
440.844,30.4683
441.258,30.4167
441.678,30.365
442.091,30.3136
442.511,30.2619
442.934,30.2099
443.339,30.1578
443.757,30.1056
444.178,30.0535
444.6,30.0014
445.013,29.9494
445.428,29.8974
445.842,29.8456
446.268,29.7941
446.68,29.7431
447.1,29.694
447.517,29.6445
447.932,29.5944
448.353,29.5439
448.772,29.4942
449.191,29.4432
449.612,29.3914
450.022,29.3393
450.439,29.285
450.858,29.2317
451.272,29.1785
451.691,29.1252
452.116,29.0713
452.523,29.0174
452.94,28.9637
453.362,28.9102
453.786,28.8571
454.198,28.8046
454.621,28.7522
455.032,28.7
455.455,28.6479
455.874,28.5962
456.29,28.5434
456.7,28.4899
457.115,28.4361
457.536,28.3813
457.952,28.3277
458.374,28.2745
458.788,28.2212
459.212,28.1683
459.623,28.1156
460.04,28.0631
460.46,28.0104
460.876,27.9568
461.294,27.9032
461.71,27.85
462.128,27.7971
462.542,27.7436
462.958,27.6904
463.373,27.637
463.787,27.5837
464.202,27.5307
464.617,27.4775
465.032,27.4242
465.451,27.3709
465.867,27.3167
466.28,27.2622
466.69,27.2075
467.106,27.1528
467.53,27.0974
467.939,27.0426
468.354,26.9881
468.768,26.9337
469.179,26.88
469.586,26.8262
469.998,26.7726
470.414,26.7191
470.829,26.6663
471.241,26.6135
471.657,26.5607
472.063,26.5079
472.481,26.4553
472.887,26.4021
473.307,26.3486
473.715,26.2947
474.126,26.2404
474.545,26.1869
474.94,26.134
475.358,26.0814
475.781,26.0296
476.186,25.9777
476.591,25.9258
476.999,25.8737
477.419,25.8214
477.825,25.7687
478.243,25.7164
478.659,25.6643
479.062,25.6107
479.474,25.5568
479.882,25.5024
480.287,25.4478
480.697,25.3931
481.1,25.3396
481.515,25.2868
481.925,25.2345
482.334,25.1824
482.743,25.1328
483.151,25.0821
483.556,25.031
483.972,24.9798
484.381,24.9286
484.778,24.8767
485.193,24.8241
485.596,24.771
486.014,24.7158
486.414,24.6608
486.822,24.606
487.234,24.5516
487.636,24.4977
488.043,24.4457
488.445,24.3951
488.863,24.3455
489.27,24.3003
489.672,24.2529
490.081,24.2052
490.476,24.1573
490.882,24.1089
491.288,24.06
491.694,24.0108
492.101,23.9616
492.504,23.9106
492.913,23.861
493.324,23.8122
493.723,23.7641
494.13,23.7182
494.536,23.6724
494.94,23.6269
495.342,23.5815
495.749,23.5379
496.154,23.4924
496.561,23.4459
496.957,23.3989
497.362,23.3492
497.768,23.2998
498.174,23.2506
498.579,23.2015
498.982,23.1512
499.386,23.1016
499.79,23.0521
500.194,23.0023
500.597,22.9537
500.999,22.9049
501.401,22.8565
501.807,22.8086
502.212,22.7623
502.62,22.7168
503.014,22.6719
503.413,22.6274
503.823,22.5851
504.232,22.5411
504.638,22.4966
505.029,22.452
505.427,22.4066
505.845,22.3616
506.246,22.3168
506.645,22.2721
507.051,22.2283
507.455,22.1851
507.853,22.1421
508.258,22.099
508.659,22.0568
509.064,22.0139
509.471,21.9711
509.866,21.9286
510.271,21.8859
510.671,21.8436
511.078,21.8011
511.482,21.7583
511.889,21.7163
512.282,21.6742
512.691,21.6326
513.091,21.5913
513.486,21.5497
513.895,21.5076
514.301,21.4649
514.704,21.4218
515.111,21.3776
515.516,21.3333
515.909,21.289
516.306,21.2449
516.711,21.1997
517.119,21.1557
517.517,21.1124
517.924,21.0695
518.317,21.0284
518.728,20.9867
519.12,20.9445
519.536,20.9019
519.937,20.8595
520.335,20.8186
520.734,20.7776
521.137,20.7363
521.538,20.6949
521.939,20.655
522.341,20.6148
522.744,20.5744
523.145,20.5339
523.546,20.4935
523.958,20.4532
524.359,20.4132
524.755,20.3732
525.153,20.3334
525.56,20.2936
525.964,20.2543
526.368,20.2155
526.763,20.1783
527.156,20.1408
527.564,20.1033
527.968,20.0658
528.373,20.0299
528.784,19.9927
529.181,19.9545
529.58,19.9157
529.985,19.8757
530.388,19.8367
530.787,19.7982
531.194,19.7596
531.586,19.7213
531.993,19.6837
532.398,19.6465
532.804,19.6095
533.203,19.5735
533.602,19.5365
533.997,19.4991
534.399,19.4617
534.81,19.4247
535.217,19.3886
535.617,19.3532
536.01,19.3181
536.413,19.2845
536.817,19.2496
537.226,19.2139
537.631,19.1779
538.036,19.1412
538.429,19.1048
538.834,19.0687
539.235,19.0329
539.637,18.9983
540.04,18.9649
540.445,18.9321
540.852,18.8999
541.248,18.8709
541.651,18.84
542.053,18.8083
542.461,18.7763
542.857,18.7436
543.265,18.7109
543.667,18.6779
544.067,18.6444
544.472,18.609
544.877,18.5738
545.282,18.5383
545.68,18.5023
546.088,18.4651
546.49,18.4295
546.896,18.3949
547.301,18.3607
547.692,18.3267
548.095,18.2958
548.501,18.2649
548.908,18.2346
549.307,18.2044
549.71,18.1752
550.108,18.1445
550.522,18.1134
550.923,18.0823
551.325,18.0491
551.729,18.0157
552.13,17.9815
552.532,17.9472
552.938,17.9129
553.333,17.8801
553.739,17.8479
554.147,17.8159
554.553,17.7859
554.956,17.7552
555.36,17.7245
555.752,17.694
556.162,17.6642
556.561,17.6347
556.959,17.6055
557.371,17.5766
557.779,17.548
558.183,17.5179
558.581,17.4864
558.976,17.4544
559.381,17.4203
559.79,17.3869
560.198,17.3537
560.59,17.3207
561.005,17.2886
561.394,17.2575
561.802,17.227
562.21,17.1972
562.613,17.172
563.027,17.1457
563.429,17.1186
563.831,17.0908
564.24,17.0632
564.634,17.0343
565.041,17.005
565.445,16.9758
565.84,16.9441
566.258,16.914
566.654,16.8838
566.971,16.8535
567.278,16.8241
567.6,16.7943
567.922,16.7645
568.234,16.7348
568.539,16.7054
568.836,16.6768
569.125,16.6489
569.404,16.6215
569.675,16.5962
569.931,16.5701
570.185,16.5439
570.432,16.5181
570.666,16.494
570.898,16.4695
571.124,16.4441
571.34,16.418
571.55,16.391
571.758,16.3639
571.953,16.3375
572.153,16.3118
572.34,16.2854
572.526,16.2599
572.696,16.2342
572.882,16.2084
573.047,16.1847
573.216,16.16
573.381,16.1361
573.531,16.113
573.692,16.0909
573.849,16.069
573.991,16.047
574.139,16.0249
574.282,16.0035
574.419,15.9797
574.547,15.9552
574.68,15.9305
574.82,15.9035
574.944,15.8786
575.061,15.8539
575.19,15.8289
575.311,15.8053
575.418,15.781
575.526,15.7567
575.642,15.7325
575.748,15.7084
575.853,15.6834
575.963,15.6581
576.058,15.6324
576.156,15.6066
576.252,15.5805
576.357,15.5559
576.443,15.5324
576.535,15.5097
576.627,15.4895
576.711,15.468
576.795,15.4459
576.881,15.4235
576.961,15.4009
577.044,15.3774
577.119,15.3537
577.194,15.3302
577.27,15.3051
577.345,15.2809
577.419,15.2569
577.494,15.2329
577.566,15.2105
577.631,15.1881
577.694,15.1663
577.759,15.145
577.824,15.1249
577.885,15.1039
577.945,15.0831
578.009,15.0627
578.065,15.043
578.119,15.0228
578.168,15.0022
578.229,14.9814
578.278,14.961
578.328,14.9408
578.388,14.9215
578.435,14.9028
578.48,14.8843
578.526,14.865
578.585,14.8452
578.628,14.8253
578.674,14.8052
578.713,14.7852
578.764,14.7652
578.81,14.7452
578.841,14.7244
578.888,14.7031
578.93,14.682
578.962,14.6613
578.992,14.6417
579.037,14.6223
579.074,14.6026
579.109,14.5824
579.133,14.5636
579.17,14.5437
579.209,14.5238
579.242,14.504
579.275,14.4835
579.299,14.4641
579.327,14.4451
579.371,14.4262
579.391,14.4089
579.421,14.3908
579.447,14.3728
579.47,14.3552
579.501,14.3383
579.526,14.3212
579.547,14.3035
579.574,14.2851
579.603,14.2664
579.619,14.2473
579.645,14.2282
579.673,14.209
579.69,14.1897
579.714,14.1701
579.733,14.1515
579.761,14.1338
579.784,14.1168
579.795,14.1012
579.811,14.0849
579.831,14.0685
579.855,14.0525
579.875,14.0372
579.888,14.021
579.902,14.0044
579.923,13.9875
579.938,13.97
579.956,13.9529
579.971,13.936
579.988,13.9189
580,13.9
580.015,13.881
580.028,13.8621
580.042,13.8432
580.062,13.8241
580.076,13.8063
580.085,13.789
580.1,13.772
580.107,13.7569
580.124,13.7406
580.14,13.7243
580.155,13.7077
580.162,13.6899
580.165,13.6723
580.184,13.6545
580.193,13.6365
580.206,13.6173
580.22,13.5989
580.223,13.5811
580.234,13.5637
580.242,13.5467
580.251,13.5299
580.256,13.5137
580.269,13.498
580.279,13.4844
580.279,13.4701
580.293,13.4552
580.299,13.4397
580.31,13.424
580.317,13.4072
580.328,13.3899
580.34,13.3725
580.342,13.3537
580.34,13.3369
580.351,13.3208
580.361,13.3051
580.363,13.2926
580.37,13.2793
580.372,13.2663
580.385,13.2537
580.39,13.2427
580.392,13.2305
580.396,13.2174
580.401,13.2037
580.404,13.1884
580.403,13.1726
580.415,13.1561
580.42,13.1389
580.425,13.1179
580.427,13.098
580.434,13.0784
580.445,13.0589
580.445,13.0388
580.447,13.0206
580.451,13.0038
580.456,12.9881
580.458,12.9766
580.465,12.9646
580.462,12.9532
580.466,12.9425
580.469,12.9346
580.479,12.9245
580.48,12.9137
580.484,12.9022
580.487,12.8874
580.486,12.8723
580.501,12.8566
580.497,12.8409
580.502,12.8228
580.492,12.807
580.496,12.7913
580.506,12.7754
580.511,12.7596
580.503,12.7464
580.512,12.7323
580.514,12.7179
580.516,12.7033
580.516,12.6881
580.515,12.6719
580.522,12.6551
580.522,12.6378
580.529,12.6192
580.519,12.6028
580.519,12.5875
580.525,12.5728
580.525,12.5608
580.527,12.5485
580.528,12.5366
580.533,12.5249
580.534,12.5153
580.53,12.5044
580.53,12.4931
580.528,12.4813
580.532,12.4678
580.537,12.4542
580.53,12.44
580.538,12.4253
580.544,12.4077
580.538,12.3908
580.544,12.3739
580.545,12.3569
580.55,12.3394
580.549,12.3231
580.549,12.3078
580.547,12.2933
580.543,12.2817
580.544,12.2699
580.55,12.2584
580.547,12.2471
580.549,12.2376
580.545,12.2266
580.542,12.2153
580.545,12.2041
580.545,12.1917
580.544,12.18
580.542,12.1682
580.54,12.1562
580.534,12.143
580.538,12.129
580.543,12.1146
580.546,12.0998
580.545,12.0819
580.541,12.0651
580.538,12.0487
580.546,12.0325
580.541,12.0166
580.544,12.0022
580.531,11.9888
580.539,11.976
580.542,11.9663
580.547,11.9553
580.544,11.944
580.535,11.9326
580.541,11.9222
580.53,11.9112
580.534,11.9001
580.543,11.889
580.543,11.8786
580.536,11.8684
580.537,11.858
580.534,11.8475
580.539,11.8371
580.528,11.8263
580.53,11.8143
580.537,11.8015
580.528,11.7881
580.531,11.7732
580.528,11.7596
580.529,11.7462
580.527,11.7329
580.531,11.7193
580.53,11.705
580.529,11.6902
580.527,11.6752
580.537,11.6592
580.527,11.6444
580.529,11.6306
580.521,11.6175
580.522,11.6057
580.52,11.5938
580.516,11.582
580.521,11.57
580.518,11.5584
580.525,11.5458
580.522,11.5326
580.518,11.5194
580.526,11.5051
580.528,11.4926
580.519,11.481
580.518,11.4701
580.513,11.4618
580.517,11.4522
580.514,11.4419
580.514,11.4314
580.517,11.4221
580.518,11.412
580.519,11.4014
580.515,11.3905
580.513,11.3766
580.518,11.3605
580.513,11.3434
580.513,11.3268
580.514,11.3089
580.511,11.2949
580.508,11.2827
580.502,11.2711
580.505,11.2649
580.507,11.2553
580.506,11.2454
580.507,11.2356
580.507,11.224
580.501,11.2127
580.506,11.2019
580.509,11.1912
580.503,11.1797
580.495,11.1687
580.498,11.158
580.495,11.1472
580.498,11.1348
580.503,11.1217
580.5,11.1079
580.501,11.0937
580.499,11.0777
580.498,11.0641
580.494,11.0515
580.488,11.0392
580.492,11.0288
580.492,11.0175
580.493,11.0061
580.494,10.9947
580.492,10.9838
580.494,10.9732
580.493,10.9629
580.482,10.9528
580.49,10.9438
580.483,10.9346
580.488,10.9255
580.48,10.9165
580.482,10.9077
580.475,10.8979
580.482,10.8877
580.484,10.8775
580.477,10.8661
580.478,10.8553
580.475,10.8444
580.474,10.8334
580.476,10.822
580.47,10.8106
580.465,10.7996
580.469,10.7889
580.471,10.7779
580.471,10.7674
580.461,10.7571
580.462,10.7466
580.469,10.7359
580.47,10.7253
580.467,10.7138
580.459,10.7017
580.459,10.6894
580.466,10.6762
580.458,10.6638
580.458,10.6514
580.458,10.6389
580.458,10.6276
580.46,10.6162
580.449,10.6049
580.459,10.5937
580.453,10.5832
580.457,10.5722
580.461,10.5609
580.454,10.5495
580.452,10.5368
580.449,10.5219
580.453,10.5048
580.453,10.4874
580.456,10.4704
580.447,10.4576
580.444,10.447
580.448,10.4373
580.449,10.4343
580.447,10.4282
580.438,10.4216
580.444,10.415
580.448,10.4085
580.445,10.4011
580.439,10.393
580.442,10.3845
580.436,10.3733
580.43,10.3623
580.436,10.3514
580.433,10.3407
580.432,10.3293
580.429,10.3188
580.432,10.3084
580.438,10.2981
580.427,10.2893
580.436,10.2791
580.436,10.268
580.43,10.2566
580.427,10.2444
580.432,10.2336
580.434,10.2235
580.427,10.2134
580.419,10.204
580.42,10.1936
580.426,10.1821
580.424,10.1697
580.424,10.1556
580.424,10.1422
580.419,10.1299
580.423,10.1183
580.425,10.1068
580.42,10.0959
580.416,10.0851
580.419,10.0744
580.421,10.0658
580.419,10.056
580.416,10.0457
580.413,10.0351
580.416,10.0234
580.408,10.0123
580.407,10.0011
580.42,9.98959
580.414,9.97825
580.413,9.96768
580.408,9.95767
580.41,9.94823
580.414,9.93915
580.406,9.93185
580.411,9.92322
580.414,9.91361
580.404,9.90336
580.403,9.89265
580.4,9.88201
580.407,9.87118
580.408,9.86031
580.405,9.8489
580.403,9.83826
580.396,9.82824
580.407,9.81875
580.408,9.81049
580.401,9.80098
580.4,9.79046
580.398,9.77943
580.395,9.76792
580.394,9.75708
580.392,9.74717
580.392,9.73797
580.396,9.72991
580.392,9.72192
580.394,9.71367
580.398,9.70517
580.403,9.69736
580.393,9.68792
580.387,9.67771
580.388,9.66703
580.393,9.65402
580.394,9.64291
580.385,9.63174
580.385,9.62001
580.382,9.60834
580.384,9.59643
580.381,9.58462
580.39,9.57287
580.389,9.5607
580.392,9.55025
580.387,9.54131
580.38,9.53328
580.381,9.52811
580.386,9.52125
580.378,9.5134
580.38,9.50504
580.383,9.49695
580.376,9.48835
580.372,9.47901
580.381,9.46906
580.377,9.45695
580.379,9.44581
580.378,9.43469
580.371,9.42335
580.372,9.41226
580.374,9.40265
580.374,9.3938
580.375,9.38512
580.374,9.37865
580.37,9.37082
580.367,9.36223
580.364,9.35321
580.366,9.34325
580.369,9.33358
580.376,9.32416
580.37,9.31481
580.372,9.30432
580.372,9.29439
580.367,9.28468
580.368,9.27501
580.368,9.26608
580.369,9.25763
580.364,9.24936
580.362,9.241
580.367,9.23327
580.354,9.22443
580.357,9.21476
580.36,9.20463
580.358,9.19261
580.368,9.18099
580.362,9.16917
580.365,9.15715
580.358,9.14473
580.354,9.13366
580.362,9.1235
580.363,9.11403
580.352,9.10811
580.359,9.10213
580.356,9.09636
580.36,9.09026
580.357,9.0838
580.352,9.07807
580.354,9.07045
580.365,9.06181
580.357,9.05264
580.354,9.03922
580.351,9.02696
580.359,9.01495
580.354,9.00314
580.353,8.9904
580.356,8.97876
580.35,8.96824
580.348,8.95854
580.35,8.95141
580.347,8.94338
580.357,8.93499
580.353,8.92653
580.351,8.91914
580.35,8.91047
580.344,8.90132
580.342,8.89215
580.352,8.88198
580.348,8.87259
580.352,8.86336
580.344,8.85425
580.347,8.84546
580.346,8.83548
580.352,8.82495
580.349,8.81448
580.344,8.80393
580.345,8.79423
580.343,8.78494
580.346,8.77592
580.341,8.76802
580.341,8.75892
580.342,8.74917
580.345,8.73914
580.343,8.72777
580.345,8.71683
580.341,8.7062
580.339,8.69584
580.342,8.68566
580.342,8.67604
580.339,8.66673
580.337,8.65755
580.336,8.65036
580.336,8.64237
580.332,8.63412
580.333,8.62588
580.332,8.61781
580.328,8.60907
580.331,8.59957
580.333,8.58953
580.336,8.57895
580.335,8.56975
580.332,8.56124
580.336,8.55297
580.332,8.54571
580.329,8.5376
580.328,8.52851
580.328,8.51868
580.328,8.50811
580.329,8.49773
580.326,8.4876
580.326,8.47781
580.327,8.46877
580.317,8.46121
580.315,8.45414
580.322,8.44691
580.323,8.43932
580.315,8.43278
580.324,8.42409
580.324,8.41531
580.319,8.40709
580.314,8.3981
580.313,8.39115
580.318,8.38411
580.315,8.37662
580.321,8.37079
580.314,8.36199
580.32,8.35188
580.315,8.34118
580.314,8.32675
580.319,8.31555
580.323,8.30516
580.321,8.29479
580.319,8.28633
580.319,8.27709
580.315,8.26813
580.316,8.25974
580.314,8.25194
580.317,8.24339
580.316,8.23417
580.32,8.22445
580.317,8.21401
580.316,8.20414
580.315,8.19512
580.317,8.18668
580.315,8.1785
580.313,8.17094
580.313,8.16379
580.31,8.15678
580.322,8.15138
580.314,8.14444
580.307,8.1368
580.309,8.12898
580.311,8.11974
580.314,8.11099
580.312,8.10252
580.305,8.09426
580.304,8.08504
580.596,8.07555
580.702,8.06591
580.76,8.05635
580.823,8.04717
580.872,8.03904
580.906,8.03129
580.91,8.02355
580.884,8.01637
580.83,8.00775
580.75,7.99856
580.63,7.9892
580.493,7.97848
580.333,7.96873
580.137,7.95886
579.923,7.94892
579.676,7.9398
579.411,7.93012
579.127,7.92022
578.819,7.91028
578.487,7.9001
578.133,7.89024
577.763,7.88092
577.378,7.872
576.973,7.86344
576.543,7.85418
576.1,7.84431
575.641,7.83415
575.166,7.8244
574.679,7.81548
574.17,7.80735
573.646,7.79977
573.112,7.79354
572.567,7.78644
572.008,7.77892
571.426,7.77137
570.839,7.76465
570.248,7.7577
569.636,7.75085
569.016,7.74417
568.384,7.73801
567.743,7.73148
567.093,7.72446
566.423,7.71719
565.759,7.70945
565.078,7.70155
564.383,7.69372
563.686,7.68597
562.981,7.67751
562.269,7.66979
561.552,7.66254
560.823,7.65566
560.084,7.64889
559.339,7.64277
558.587,7.63608
557.826,7.62951
557.063,7.6231
556.301,7.61648
555.529,7.61002
554.741,7.60325
553.957,7.59606
553.165,7.58812
552.37,7.5801
551.575,7.57252
550.76,7.56536
549.951,7.55786
549.136,7.55126
548.323,7.54517
547.492,7.53931
546.679,7.53452
545.843,7.52829
545.013,7.52207
544.179,7.51624
543.333,7.50972
542.487,7.50367
541.641,7.49753
540.796,7.49128
539.94,7.48571
539.091,7.47977
538.232,7.47407
537.374,7.4686
536.513,7.4626
535.646,7.4564
534.778,7.44984
533.91,7.44308
533.039,7.43601
532.167,7.42913
531.291,7.42211
530.412,7.41482
529.536,7.40735
528.654,7.40043
527.775,7.39353
526.892,7.38643
526.007,7.37935
525.13,7.37228
524.244,7.3653
523.361,7.35843
522.465,7.35194
521.576,7.34575
520.689,7.33948
519.798,7.33317
518.9,7.32721
518.015,7.32029
517.119,7.31334
516.231,7.30662
515.331,7.30036
514.438,7.29591
513.55,7.29253
512.655,7.28954
511.762,7.28918
510.867,7.28661
509.969,7.2834
509.07,7.28027
508.183,7.27638
507.286,7.27282
506.394,7.26934
505.496,7.26593
504.601,7.26312
503.712,7.26032
502.815,7.25767
501.921,7.25515
501.026,7.25261
500.133,7.25001
499.24,7.24699
498.348,7.24364
497.461,7.23995
496.565,7.23458
495.672,7.22986
494.784,7.22567
493.891,7.22176
493.001,7.2179
492.118,7.21479
491.224,7.2121
490.328,7.20955
489.445,7.20802
488.558,7.20503
487.669,7.20131
486.788,7.19736
485.9,7.1921
485.014,7.18802
484.129,7.18446
483.25,7.18073
482.361,7.17648
481.479,7.17187
480.606,7.16763
479.727,7.16374
478.847,7.15984
477.968,7.15602
477.093,7.1524
476.22,7.14916
475.348,7.14687
474.473,7.14555
473.6,7.14479
472.731,7.1444
471.861,7.14448
470.998,7.14514
470.125,7.14582
469.254,7.14563
468.388,7.14441
467.523,7.14268
466.662,7.14079
465.8,7.13902
464.93,7.13732
